id,name,addr,lat,lng,dong,review_rating,review,homepage
0,바이제주,제주특별자치도 제주시 서해안로 626  ,33.5165428769717,126.504110857612,용담삼동,5.0,매장도 깨끗하고 상품도 다양하네요. 열쇠고리나 일반 책갈피도 기본 만원 이상이라서 가격적으로는 부담이 되지만 재방문 의사 있어요. 간단하게 지인이랑 커플로 몇가지 기념품 샀는데 20만원이 나오더라구요. 충동구매 조심하세요.ㅋㅋ,blog.naver.com/byjeju365
1,제주소품샵 모이소,제주특별자치도 제주시 신광로8길 14  ,33.4870970448797,126.488524753214,연동,5.0,웬만한 제주도 기념품 다 모여있어요^^,jejumoiso.modoo.at
2,제스토리,제주특별자치도 서귀포시 막숙포로 60  ,33.236084677694,126.514923192083,법환동,5.0,2층이 예뻐요,jestory.modoo.at
3,제주기념품 선물고팡 함덕점,제주특별자치도 제주시 조천읍 신북로 491-9 1층 ,33.543817050075,126.663100369275,조천읍 함덕리,5.0,제품이 한눈에 잘 보이게 진열이 되어 구경하기도 쉽고 가격이 적당해서 여러가지 구입하기도 좋았어요 친구들이 얼마나 좋아하던지 담번에 또 들려야겠어요,www.instagram.com/giftgopang
4,여름문구사,제주특별자치도 제주시 구좌읍 구좌로 77 1층 ,33.5214228117055,126.858873472162,구좌읍 세화리,5.0,여름문구사 해마다 가는 곳! 문구류에 진심이신 분들에게는 눈돌아가는 행벅한 경험을 하실 수 있어욥 🤩,www.instagram.com/summer_mungusa
5,무무제주,제주특별자치도 제주시 애월읍 봉성로3길 11 무무제주 ,33.418943730056,126.311367599579,애월읍 봉성리,,,www.instagram.com/mumu_jeju
6,선물가게바나나,제주특별자치도 서귀포시 일주서로 875  ,33.2580348405324,126.417126052883,색달동,1.0,,www.giftshopbanana.com
7,하이제주,제주특별자치도 제주시 노연로 81 1층 ,33.4861042840181,126.488804532405,연동,5.0,기념품이 다양해서 좋아요!,www.instagram.com/hi_jeju01
8,귤귤스토어,제주특별자치도 제주시 애월읍 애월로1길 6  ,33.4625042230795,126.312088167047,애월읍 애월리,4.0,"기념품으로 살 만한 것들이 많고, 식품류도 많아서 좋아요🍊🍊",www.instagram.com/gyulgyul_store
9,선물가게바나나 제주기념품샵 함덕점,제주특별자치도 제주시 조천읍 신북로 491-9 3층 ,33.543817050075,126.663100369275,조천읍 함덕리,5.0,볼거 너무 많고 예쁜 소품이 많아요~편하게 쇼핑하기 좋은 곳!,www.giftshopbanana.com
10,도두슈퍼마켓,제주특별자치도 제주시 서해안로 135 1층 ,33.5029482558764,126.463950614874,도두일동,5.0,밥 먹으려다가 옆에 우연히 들렸는데!! 너무 귀여워용 💙💙 담에 제주 오면 또 올것 같아용.,instagram.com/dodu_supermarket?igshid=MWI4MTIyMDE=
11,제주로컬 썸제주,제주특별자치도 제주시 일주서로 7815 1층 ,33.493925497466,126.481555343259,연동,3.0,큰 매장은 아니네요.,
12,제주i,제주특별자치도 서귀포시 성산읍 일출로288번길 8 1층 ,33.4638500004428,126.935606545926,성산읍 성산리,5.0,제품들이 다 아기자기하고 너무 귀엽고 예뻐요 ㅜㅜ바닥에 누워있는 강아지도 귀엽네요 ㅎㅎ가게가 아늑하면서도 구경할거 많고 분위기도 좋아요! 재주 소품샵 강추해요!!,www.instagram.com/jejuseongsan
13,기억해제주,제주특별자치도 서귀포시 안덕면 중산간서로 1907 1층 ,33.2898914660685,126.319438235335,안덕면 서광리,1.0,사장님이 너무 불친절함ㅜ,
14,종종제주,제주특별자치도 제주시 조천읍 선교로 66 1층 ,33.4879241166427,126.712477988887,조천읍 선흘리,5.0,제주오면 꼭 들려야하는 기념품샵! 귀엽고 사랑스러운 소품들이 즐비해있어서 절로 행복해집니다 :)모두 제주여행오면 한번씩 방문하러 오세요🙌🏻,instagram.com/jongjong_jeju
15,제주애퐁당 본점,제주특별자치도 제주시 중앙로3길 16 1층 ,33.5155638944775,126.526262622916,일도일동,,,jejuepongdang.modoo.at
16,한담몰,제주특별자치도 제주시 애월읍 애월로1길 7  ,33.4623576546616,126.311703589823,애월읍 애월리,5.0,"없는게 없어요 ! 주차장도 너무 잘되어 있고요.바닷가 근처라 너무 좋아요구경거리가 진짜 많고, 직원분들 엄청 친절하세요^^시간가는지 모르고 실컷 구경했네요^^ 마음에 드는게 많아서 다 사고 싶었어요 ㅎㅎㅎㅎㅎㅎㅎ 볼펜 두개 서비스 주셨어요. 대박ㅋㅋㅋ 너무 귀엽네용ㅋㅋㅋ 볼거리 많고 살거리 많아요. 굿 잡!!!",www.instagram.com/handammall
17,귤귤스토어 도두점,제주특별자치도 제주시 서해안로 238  ,33.5088043753245,126.471492103941,도두일동,5.0,,
18,제주사월,제주특별자치도 제주시 남성로 75 1층 ,33.5066100808193,126.514494709332,용담일동,5.0,좋은점//제주공항에서 가깝고 굉장히 큰 기념품입니다. 종류도 굉장히 많아요.,smartstore.naver.com/jeju4moon
19,어바웃제주,제주특별자치도 제주시 서해안로 66 1층 ,33.5027206589993,126.456862359378,이호일동,5.0,,
20,봄사무소,제주특별자치도 제주시 조천읍 함덕8길 36-1 1층 ,33.5403113125505,126.663237894437,조천읍 함덕리,1.0,1시 오픈이래서 3시에 갔더니 그림 그리는거 마감됐다고 해서 황당했습니다 공지라도 띄워주시지 스토리에는 6시까지 합니다라고만 쓰여있고 마감됐단 소식은 없었네요 40분씩 걸려서 간게 시간 아깝습니다 예약제도 아니고 무작정 가서 그릴 수 있는지  없는지 알아봐야하는건 여행자에대한 배려가 없는 것 같아 아쉽습니다 그리고 마감됐다고 얘기할 때는 사람 얼굴이라도 보고 얘기해주셨음 좋았을텐데 그림그리느라 바쁘셔서 고개만 절레절레하면서 마감이예요 좀 빈정 상하네요 그리고 현금영수증은 왜 안해주시는지..? 의무아닌가요,instagram.com/bomsamuso
21,탐라원특산품센터,제주특별자치도 제주시 연북로 381  ,33.4816360429475,126.522848211697,도남동,5.0,다른 관광지에서 10개만원하는 제품은중국산인데 여기는 제주산 이네요 ᆢ,
22,선물고팡 중문점,제주특별자치도 서귀포시 중문관광로 154-17 1층 ,33.2450403542925,126.415599158242,색달동,5.0,출장왔다가 딸래미 생각나 들렸어요 귤 색깔인 잠옷 구매했는데 재질도 좋고 편하다고 엄청 좋아하네요,smartstore.naver.com/wenximall
23,제주백화점,제주특별자치도 제주시 연북로 740  ,33.4962585066462,126.554640415191,화북이동,3.0,패키지 필수코스,
24,선물고팡 협재점,제주특별자치도 제주시 한림읍 한림로 545 1층 102호 ,33.4063427111514,126.25629015946,한림읍 옹포리,5.0,가게도 깔끔하고 구경하기 재밌어요~근처왔다가 시간 보내기도 좋구 펜이랑 공책 사서 갑니당~,smartstore.naver.com/wenximall
25,마켓제주,제주특별자치도 제주시 애월읍 애월해안로 664 2층 ,33.4805498895149,126.373542580334,애월읍 구엄리,4.0,,www.instagram.com/market_jeju_aewol
26,제주 오라게 소품샵,제주특별자치도 제주시 어영길 10-3 1층 ,33.5185172462474,126.493918561664,용담삼동,3.0,여기 이제 소품샵 안한다고 하네요 ㅠㅠ 저같이 헛걸음 하지 마시길..,smartstore.naver.com/matepark
27,디자인에이비,제주특별자치도 제주시 한경면 판포4길 22  ,33.363104354455,126.201486998964,한경면 판포리,,,blog.naver.com/design_ab
28,선물가게바나나 신제주점,제주특별자치도 제주시 노연로 94 1층 ,33.4857110958867,126.490204421725,연동,5.0,감귤을 들고 있는 소녀와 강아지가 있는 뱃지도 구매해서 선물해 줬는데 네임택에 뱃지까지 달으니 더 귀엽더라고요 가방에 걸어주니 귀염 뽀짝!,www.instagram.com/shop._.banana
29,안녕성산,제주특별자치도 서귀포시 성산읍 일출로 270-1 일출봉추차장 내 ,33.4618957419143,126.93453595439,성산읍 성산리,5.0,안녕성산 답게 성산일출봉 바로앞에 매장이 자리하고 있었어요 성산일출봉과함께 있어서 주차장도 넓어서 주차하기도 좋고 물건이 다양해서 부모님도 쇼핑하시고 저희도 마음껏 즐겼습니다많이 샀다고 서비스로주신 당근볼펜 감사히 잘 쓰고 있습니다^^,www.instagram.com/hello_seongsan
30,메리아일랜드,제주특별자치도 제주시 한림읍 금능길 80 1층 ,33.3889150110388,126.231476831787,한림읍 금능리,2.0,최근에 갔던곳들중에 인사 안받아주시는곳 처음이였어요…,www.instagram.com/merryisland_jeju
31,오달콤제주 협재점,제주특별자치도 제주시 한림읍 한림로 340 1층 ,33.3938027023016,126.240748390404,한림읍 협재리,5.0,간판이 너무 귀엽고 예뻐서 들어갔어요! 협재 바닷가랑 가까워서 접근성 좋았구요. 귀여운 제주도 굿즈들의 천국이었어요😊 다른 곳에서 보지 못했던 굿즈도 많고 저렴한 편이라서 제주도 오실 거면 처음부터 오달콤제주 기념품샵에 오셔야 후회 안하실 듯요ㅠ 너무 친절하셔서 친절 한 스푼까지 감사했어요! 제주도 가면 또 방문할게요👍,smartstore.naver.com/ohdalcomjeju
32,냥 소품샵 사가냥,제주특별자치도 제주시 조천읍 신북로 453  ,33.5439539702925,126.658840942466,조천읍 함덕리,5.0,공간은 작아도 구석구석 구경할만한 귀여운 기념품들이 너무 많고 알차요!!퀄리티에 비해 가격도 적당해서 잔뜩 사갈수있어요 ㅎㅎ 고양이 좋아하시고 아기자기 소품 좋아하시면 추천드려용,instagram.com/saganyang_m_
33,월정스캔들,제주특별자치도 제주시 구좌읍 해맞이해안로 518 3층 ,33.5564308536397,126.80132029605,구좌읍 행원리,5.0,사장님 남편분 친절하십니다,blog.naver.com/woljeongscandle
34,세화씨문방구,제주특별자치도 제주시 구좌읍 해맞이해안로 1450-1  ,33.5243435541177,126.85991408386,구좌읍 세화리,5.0,귀여운 공간이에요.작가님이 직접 그리신 아기자기한 예쁜 제주를 다양하게 메모지 스티커 등 기념품으로 제작해 놓으셨어요.,www.instagram.com/sehwasea.munbanggu
35,오르머,제주특별자치도 제주시 구좌읍 비자림로 1661-13  ,33.4567756748614,126.771873567491,구좌읍 송당리,5.0,오르머 브랜드만의 감성 돋는 아이템들이 많아요전 제품 다 탐나더군요특히 오름지도는 다음 방문 때는 꼭 가지고 오려구요! 이번엔 그립톡 하나를 구매했는데 튼튼하고 귀여운 일러스트와 색감이 너무 마음에 듭니다ㅎㅎ,instagram.com/oreumerjeju
36,도르멍쉼팡,제주특별자치도 제주시 구좌읍 해맞이해안로 1088  ,33.5393605739964,126.836243051821,구좌읍 한동리,5.0,강아지 너무 귀엽고.. 엽서들도 예뻐요,www.instagram.com/doreumeong_
37,테디제주 바이올레,제주특별자치도 서귀포시 이중섭로 2 1층 ,33.2478094619685,126.563985878084,서귀동,5.0,매장 넓고 깨끗해요. 예쁜 물건 많습니다. 아래쪽 제주감성소품보다 여기가 더 쾌적.,www.jejubest.com
38,탐나네,제주특별자치도 제주시 노연로 138 1층 ,33.4855593375332,126.49500004767,연동,,,smartstore.naver.com/jjen
39,샵 제주 애월점,제주특별자치도 제주시 애월읍 애월해안로 867 1층 ,33.4877416158624,126.390419766385,애월읍 하귀2리,5.0,조금 안쪽이고 입구 잘 못찾았지만 ㅋㅋㅋ  직원분들 너무 친절하시고 설명 잘 해주셔서 좋았어요!,www.instagram.com/shopjeju__official
40,담꼬,제주특별자치도 서귀포시 안덕면 한창로 106  ,33.2727724051425,126.365075897565,안덕면 상창리,5.0,,www.instagram.com/damggo_
41,플래닛제주,제주특별자치도 제주시 삼무로 35 1층 ,33.4901228450208,126.490574334195,연동,3.0,더이상 여기선 영업 안하는거 같아요,www.instagram.com/planet_jeju_
42,달랑제주소품샵,제주특별자치도 제주시 구좌읍 하도13길 51-1  ,33.5112507090946,126.891990190872,구좌읍 하도리,5.0,너무 예뻤던 소품샵이에요~사장님도 엄청 친절하시구 ❤️미세플라스틱 재활용해서 만든 뜻깊은 책갈피와 예쁜 조개 머리핀도 구입했어용,www.instagram.com/dallang_jeju
43,제주하늘기념품샵,제주특별자치도 제주시 관덕로8길 38 1층 ,33.5100975508675,126.523300905245,삼도이동,5.0,선물사기 좋았어요,www.instagram.com/jejusky_giftshop
44,레인보우제주,제주특별자치도 서귀포시 중앙로42번길 19  ,33.2487356370443,126.563606028983,서귀동,5.0,올레시장 갔다가 발견하곤 들어가서 몇 가지 사가지고 나왔어요. 예쁘고 귀여운 소품들이 많아서 다 사고 싶었는데 못사서 아쉬웠어요. 그리고 무엇보다 계시던 직원분들일지 사장님일지 잘 모르겠는데 제품 설명도 자세히 해주시고 정말 친절하세요:) 덕분에 기분좋게 물건 구입해서 왔습니다!,
45,우도i,제주특별자치도 제주시 우도면 우도해안길 814  ,33.5133124615907,126.957572045654,우도면 연평리,5.0,,blog.naver.com/jejuudoi
46,제주오라쇼핑,제주특별자치도 제주시 오남로 118  ,33.485644348299,126.51615025355,오라이동,,,
47,달무지개,제주특별자치도 서귀포시 남원읍 신흥앞동산로35번길 9  ,33.307168299097,126.768572975291,남원읍 신흥리,5.0,아기자기 소품도 많고 클래스도 종류가 많아서 또 하고 싶어요!!,blog.naver.com/moonbow_jeju
48,옐로우스토어,제주특별자치도 서귀포시 안덕면 사계남로 195 1층 ,33.2306937469589,126.308222228471,안덕면 사계리,,,
49,귤귤스토어 중문점,제주특별자치도 서귀포시 중문관광로110번길 15 1층 ,33.2500543348807,126.41296981881,색달동,5.0,너무 좋아요❤️❤️,
50,헬로제주,제주특별자치도 제주시 조천읍 조함해안로 504  ,33.5423935245741,126.666865346791,조천읍 함덕리,1.0,알바 여자 불친절,www.instagram.com/hellojeju_hamdeok
51,제주이야기 행원본점,제주특별자치도 제주시 구좌읍 행원로13길 67  ,33.5530345172983,126.816853444529,구좌읍 행원리,,,www.jeju-love.com
52,이제주숍,제주특별자치도 제주시 연삼로 473 1층 ,33.4994335657691,126.540712616697,이도이동,5.0,오 한적하게 좋을물건 살수있어 좋네용,mall.ejeju.net
53,제주소나이,제주특별자치도 서귀포시 중정로73번길 9 2층 ,33.248926170318,126.56386841219,서귀동,4.0,,
54,제주기념품가게 올레파머스 함덕,제주특별자치도 제주시 조천읍 조함해안로 528 2층 ,33.5424888056746,126.66921312208,조천읍 함덕리,5.0,"사장님이 매우 친절하셔요. 다른 기념품샵보다 다양하고, 저렴한 제품들이 많아서 좋았습니다. 함덕해수욕장이랑 접근성도 높아서 가기도 편했어요:)",
55,한라마을쇼핑센터,제주특별자치도 제주시 용마서길 25-1  ,33.5157062392341,126.50187285383,용담삼동,4.0,"말가죽 제품 좋습니다. 디자인,품질 모두. 동백기름+크림도 아내선물로 좋아요.",blog.naver.com/dotn81
56,제주잇수다,제주특별자치도 제주시 노형로 336  ,33.4810499867108,126.473096407605,노형동,1.0,,www.instagram.com/itsuda_in_jeju
57,제주쇼핑아울렛,제주특별자치도 제주시 오남로 54  ,33.4907722840953,126.518960856828,도남동,2.0,"제주도의 특산품들을 만나볼 수 제주 쇼핑 아울렛 기념품점제주도 KBS홀 근처에 위치한 제주도 특산품 기념품점인 '제주 쇼핑 아울렛'은 제주도의 다양한 특산 품들과 먹거리 그리고 공산품까지 한자리에서 만나볼 수 있는 곳입니다돌하루방, 도자기, 말 등의 장식품부터 우도 막걸리, 각종 제주도차와 초콜릿, 백년초 선인장 관련 용 품들과 동백꽃 크림&오일, 말가죽 관련 지갑과 가방 그리고 벨트같은 잡화, 냉동 수산물, 자수정 약세 서리, 아이들을 위한 장난감과 인형, 귀여운 악세서리 마지막으로 제주도하면 빼놓을 수 없는 다양한 귤 종류까지 만나볼 수 있었어요농수산물은 구매 후 직접 가져갈 필요가 없이 주소만 기입하면 집으로 바로 배송이 오는 편리성을 보 여주고 다채로운 제주도의 특산품들을 한자리에서 한 눈에 확인하며 만나볼 수 있어서 좋았습니다",
58,오달콤제주 함덕점,제주특별자치도 제주시 조천읍 신북로 528 1층 ,33.541586235484,126.666261415752,조천읍 함덕리,5.0,작지만 알찬. 비즈류들이 늘 예쁨,www.instagram.com/odalcomhamdeok
59,제주선물가게,제주특별자치도 서귀포시 성산읍 섭지코지로25번길 116  ,33.4486335245685,126.920118007444,성산읍 고성리,4.0,쭈콩 한줄요약 : 물건을 구매하진 않았지만 사장님이 친절합니다. 아마 공산품을 판매하는 판매점인것 같습니다. 제주도 여러곳에서 이와 같은 가게를 찾을 수 있었습니다.,blog.naver.com/hyogonk
60,제주애퐁당 성산점,제주특별자치도 서귀포시 성산읍 일출로 284-4  ,33.462710236004,126.935184099169,성산읍 성산리,4.0,다른데랑 눈에 띄는 차이점은 여긴 부채를 팔아요!!! 햇빛 가리개에 부채질도 할수 있고 ㅠㅠ 요 근처 들리면 꼭 안지나치고 살거야 ㅠㅠ 왜 안샀을까 ㅠㅠㅠ(나중에 어떤 상품이 구비되어있는지 달라질수 있으니까 그건 감안하셔요~),
61,세화점방,"제주특별자치도 제주시 구좌읍 세화리 1477-3 1동 1,2층",33.5246240401816,126.85959413573,구좌읍 세화리,3.0,2층은 작업실인데 1층이 너무 작고 전시된것도 몇 개 없어요,
62,위트사이다,제주특별자치도 제주시 관덕로 7 1층 ,33.5130334524808,126.520045537678,삼도이동,,,www.instagram.com/witcider.jeju
63,소동잡화,제주특별자치도 제주시 조천읍 함덕로 32 2동 1층 ,33.5419912364386,126.671897669186,조천읍 함덕리,1.0,,blog.naver.com/sodongjumak
64,올레파머스 월정점,제주특별자치도 제주시 구좌읍 월정1길 70-4  ,33.5568027758316,126.794209326815,구좌읍 월정리,5.0,가게서 눈이 돌아가서 .. 한순간에 6만원을 사버린.. 주변 지인들한테 선물하기 좋은 것들이 많아요! 👍🏻제주에 딱 어울리는 소품들🍊🍊 +  오히려 전 사장님께서 친절하게 대해주셔서 기분좋은 소비였습니다 !! :),
65,워너비제주,제주특별자치도 제주시 구좌읍 행원로9길 8-1  ,33.5538170536906,126.808421401415,구좌읍 행원리,3.0,,www.instagram.com/wannab_jeju
66,용머리기념품,제주특별자치도 제주시 서해안로 687-1  ,33.5158408639446,126.512070994313,용담이동,1.0,한라봉샤벳인지.감귤샤벳인지 사진만 있고 가격표기가 안되있길래 비싸봐야 3천원 하겠지하고 드갔더니 계산하는 순간 3개 1만5천원 찍길래 진짜 바가지 ♪~♬다 생각함ㅋㅋ,
67,제주바이브,제주특별자치도 제주시 구좌읍 평대2길 39-47 1층 102호 ,33.535789477553,126.838125880128,구좌읍 평대리,5.0,제주 여행 자주 오는데 여긴 제주만의 향기가 가득한 소품샵이에요 왜 이제서야 여길 찾았나 싶을정도로 .. 최고,www.instagram.com/jeju.vibe
68,제주이야기 용두암점,"제주특별자치도 제주시 서해안로 620 1,2층 ",33.516184958784,126.503483773385,용담삼동,4.0,바다 보며 커피한잔 할수 있어서 좋네요~,www.jeju-love.com
69,제주소나이 산방산점,제주특별자치도 서귀포시 안덕면 사계로114번길 54-58 3호동 ,33.2383740278564,126.306238328754,안덕면 사계리,5.0,,smartstore.naver.com/jeju_sonai
70,올레쇼핑,제주특별자치도 제주시 조천읍 미래로 223  ,33.4701068966801,126.678487241923,조천읍 와산리,5.0,,
71,천진낭만,제주특별자치도 제주시 우도면 우도해안길 108  ,33.4937743014371,126.948204439483,우도면 연평리,5.0,네이버로 예약 하면 훨씬 쌈 !!! 다들 참고 하세용!그리고 직원분 so kind하시다,www.instagram.com/cjnangman_udo
72,제주이야기 송당점,제주특별자치도 제주시 구좌읍 중산간동로 2240  ,33.4715791197442,126.782229482688,구좌읍 송당리,5.0,향수 샤워코롱 방향제 구입했습니다!모든 제품 샘플로 향맡아볼수있어서 좋아지만 한가지 아쉬운게 시향지가 없어서 몇개맡으면 코가 ㅋ그거 하나만 아쉬고 나머지99가 좋은 매장입니다!,www.jeju-love.com
73,섬올레 특산물전시장,제주특별자치도 제주시 월성로 18  ,33.5024676475023,126.504411000262,용담이동,1.0,단체분들 버스로가는곳인듯,
74,샵제주 공항점,제주특별자치도 제주시 다호북길 109 2층 ,33.5028594289933,126.486770648605,도두이동,5.0,공항근처 주차 편하고 고기국수 먹은 후 쇼핑하기 최적. 직원들 친절하고 물건 많아요,
75,예술상점 꺄르르,제주특별자치도 제주시 테우해안로 174 2층 ,33.4968841388909,126.452152744824,이호일동,,,instagram.com/art.kyarr
76,글라글라스,제주특별자치도 제주시 한경면 녹차분재로 603 101호 ,33.322788162842,126.261934503499,한경면 저지리,,,www.instagram.com/gla.glass
77,귤귤스토어 카멜리아힐점,제주특별자치도 서귀포시 안덕면 병악로 166  ,33.290140185764,126.368365225196,안덕면 상창리,1.0,그냥 흔한 제주 소품샵 별로에요,
78,제주소품 함덕점,제주특별자치도 제주시 조천읍 평사길 7 1층 ,33.5433184605338,126.672779742746,조천읍 함덕리,3.0,생각보다 마땅히 살게없음. 굳이 안가도 될 듯함.,
79,올레시장 특산품판매장,제주특별자치도 서귀포시 중앙로54번길 35 올레시장 공영주차장 1층 상가 1호 ,33.2499021543398,126.563243003857,서귀동,5.0,주차장출구에서 정면가게 아니고 오른쪽 끝에 있는데 가격도 저렴하고 이쁜선물도 많아서 추천합니다.,ollehmart.modoo.at
80,토끼네공방 X 카페주디,제주특별자치도 제주시 조천읍 중산간동로 804-60  ,33.4893573744964,126.66722340218,조천읍 대흘리,5.0,고양이와 토끼가 있는  이쁜카페~~카페안에 들어가면  새 하얀 눈속에 들어가는 기분이든다소품도 있고  악세사리도 있고 고양이도 있어  볼거리가 많다의자에 앉아  창밖을 보면 딱뜨인 멋진 풍경이  눈으로 들어온다  또  커피도 내가 좋아하는 맛이라서 더욱 좋았다~사장님~~ 내년에  제주도 가면 또가겠습니다~~♡♡♡,
81,함덕바다정류장,제주특별자치도 제주시 조천읍 신북로 558 1층 ,33.5407651087332,126.669200954536,조천읍 함덕리,3.0,,www.instagram.com/hamdeok_sea_station
82,쁘띠동백,제주특별자치도 서귀포시 남원읍 태위로 278  ,33.2756091956266,126.67712605585,남원읍 위미리,5.0,메장 깨끗하고 수제로 만든 다양한 상품 가격도 잘해주시고 제구매 했는데 조개 마그넷 자석 붙이는것 선물도 주시고 기분조게 알아서 해주심택배 잘 받았습니다사장님가보셔요~~!!,
83,낙타트레킹아리랑 혼공연장기념품,제주특별자치도 서귀포시 표선면 번영로 2564-21  ,33.4026984441641,126.778645672817,표선면 성읍리,,,
84,선물U,제주특별자치도 서귀포시 안덕면 일주서로 1355 1층 ,33.2630103778795,126.369993536005,안덕면 창천리,5.0,깔끔한 외관에 이끌려 들어갔는데아기자기 하고 한없이 다양한 소품들!!그리고 무엇보다 친절하신 대표님.!!!동료들 기념품 사느라 방문했는데  너무 만족합니다,instagram.com/jeju_giftu
85,제주별책부록,제주특별자치도 서귀포시 중정로 19 제주별책부록 ,33.2477353428758,126.558616594726,서귀동,5.0,뭔가 텅관리안되는느낌물건들이 없는느낌이요책에서 보고 기대많이햇는데다른기념품점이랑 좀 다른느낌은 잇음,smartstore.naver.com/jejubonus
86,용수리복덕방,제주특별자치도 제주시 한경면 용수1길 82 1층 ,33.322273881672,126.170073870977,한경면 용수리,5.0,예쁜 소품들 많고 사장님 내외분 친절하심,www.instagram.com/jeju_bokdeokbang
87,굼부리,제주특별자치도 서귀포시 표선면 중산간동로 4585  ,33.3881796144324,126.805499695805,표선면 성읍리,,,
88,바다상점,제주특별자치도 제주시 한림읍 한림로 354  ,33.3948556410165,126.241643488991,한림읍 협재리,5.0,귀엽고 예쁜 거 많았어요.가격도 괜찮았고요!!사장님도 친절하셔서 좋았어요. 소주잔 2개랑 자석 겟하고 갑니다 ㅎㅎ,www.instagram.com/badastore_jeju
89,블루제주캔들,제주특별자치도 제주시 애월읍 애월해안로 253 102호 ,33.4674719202955,126.338908589824,애월읍 고내리,,,www.instagram.com/bluejeju.candle
90,월정몰리네,제주특별자치도 제주시 구좌읍 월정7길 63 1층 ,33.5552490701665,126.795085795533,구좌읍 월정리,5.0,귀엽고 아기자기한 소품들까지 즐비한 곳,blog.naver.com/doing94420
91,플레이웍스,제주특별자치도 제주시 산지로 47 3층 ,33.5133509978005,126.528238314426,일도일동,5.0,,smartstore.naver.com/playworks_jeju
92,제주소나이 중문점,제주특별자치도 서귀포시 대포복개로110번길 133 1층 ,33.2522054681082,126.446706245487,회수동,5.0,제주 온 기념 아이들 선물로 한라봉인형 구입했습니다. 일하시는 분 친절하시고 진열을 잘 해 놓으셔서 물건 고르기 좋네요. ^^,
93,블루베이,제주특별자치도 제주시 동문로4길 14  ,33.5123582791014,126.527676382379,일도일동,5.0,다른 기념품샵 돌아보고 다시 온 곳! 여기만한 곳이 없었음…. 사장님 너무너무 친절하시고 상품들도 유니크하고 넘 이뻐여ㅠㅠ 담에 시장 오게 되면 꼭 다시 들릴거에요🥹!!! 계속 장사해주셔야해요🫶,www.instagram.com/bluebay4624
94,제주하나쇼핑,제주특별자치도 제주시 선덕로 20  ,33.4854566856232,126.498740711166,연동,,,
95,오조상점,제주특별자치도 서귀포시 성산읍 오조로80번길 18  ,33.4617476733308,126.917159984576,성산읍 오조리,5.0,경치도 좋고 이렇게 귀여운 '두부'도 있고올레길 걸으면서 잠깐 쉬어가기 좋아요.또 올게요!,instagram.com/ojo_goods
96,소소재간,제주특별자치도 제주시 한림읍 일주서로 5888  ,33.4438455920785,126.295269234951,한림읍 귀덕리,3.0,파우치가 예쁘네요~,www.instagram.com/sosoworks
97,제주금능소품,제주특별자치도 제주시 한림읍 금능6길 22 103호 ,33.38876049981,126.230883530096,한림읍 금능리,5.0,,
98,이타미준기념관 아트숍,제주특별자치도 제주시 한림읍 용금로 906-10  ,33.3405890702826,126.270787924041,한림읍 월림리,,,
99,유림,제주특별자치도 서귀포시 성산읍 서성일로 881  ,33.4390420370995,126.874005420008,성산읍 수산리,,,
100,제주를 선물합니다,제주특별자치도 서귀포시 막숙포로 70 1층 ,33.2353478669631,126.51429961628,법환동,5.0,법환포구 산책하고 들르면 좋아요물건도 아기자기하고 사고 싶은거도 많아요,
101,바다보석 이중섭거리점,제주특별자치도 서귀포시 중앙로4번길 20  ,33.2452786246727,126.564100273898,서귀동,5.0,제주도 소품샵 느낌 낭낭하고 이쁜게 많아용,www.instagram.com/badabosuk
102,효돈에반하다,제주특별자치도 제주시 동문로 22 2층 ,33.5128673816109,126.529019434178,일도일동,,,
103,란나선물가게,제주특별자치도 서귀포시 안덕면 사계리 3594-2 ,33.2487391285428,126.322402977269,안덕면 사계리,2.0,영업중이라 뜨길래 택시비 4000원 들여서왔는데 문 닫혀있네요.... 쉬는 날도 아니었는데...ㅜㅜ,blog.naver.com/korvj510
104,제주소나이 공항점,제주특별자치도 제주시 다호길 130  ,33.503202261972,126.493993936015,용담이동,,,
105,신토불이제주,제주특별자치도 제주시 일주서로 7726  ,33.4935903910894,126.471887254257,도두일동,,,
106,팰롱팰롱 빛나는,제주특별자치도 제주시 구좌읍 월정3길 58  ,33.555700731439,126.795335743443,구좌읍 월정리,5.0,어릴때부터 수제비누만 써왔는뎅그러다보니 너무너무 여러가지를 써봤어용근데 사실 제주 기념품이라 기대 안햇는데 ㅋㅋㅋㅋㅋㅋㅋㅋㅋㅋ 사장님 재료 좋은거쓰시나부다피부 부들부들해지는거 느낌탓일까요???,
107,압화기념품샵,제주특별자치도 서귀포시 남원읍 태위로 522-12  ,33.2736562562976,126.702755961891,남원읍 남원리,,,
108,빅마켓,제주특별자치도 제주시 백포남길 71  ,33.4996176698476,126.461926690378,이호일동,,,
109,포코아포코,제주특별자치도 제주시 애월읍 하귀로23길 12-1  ,33.4792471556473,126.402738329664,애월읍 하귀2리,5.0,하귀에 이렇게 귀여운 소품샵이 생겨서 너무 좋네요. 아기자기한 소품들 구경에 시간가는 줄 모르겠어요 😆 감성가득하고 사장님도 친절하세요!,www.instagram.com/poco.a.poco.jeju
110,푸른바다캔들,제주특별자치도 제주시 구좌읍 행원로1길 27  ,33.5544286519352,126.799845413306,구좌읍 행원리,,,blog.naver.com/hiocom
111,제주애퐁당,제주특별자치도 서귀포시 안덕면 신화역사로304번길 139  ,33.3013855011924,126.317525210778,안덕면 서광리,,,
112,펠롱잡화점,제주특별자치도 제주시 구좌읍 세평항로 45  ,33.5273325919182,126.855025819691,구좌읍 평대리,3.0,양산형 제주 기념품들 중 그나마 괜찮은 것들만 모아서 판매하는 곳. 간혹 1+1행사를 하지만 현금가에 당연히 현금영수증도 안되고 결국 그가격이 그가격이니 너무 혹하진 마시길.,instagram.com/pellong.generalstore
113,데일리스티치 패브릭&기프트샵,제주특별자치도 제주시 조천읍 남조로 2322 1층 ,33.4724536993227,126.659289543351,조천읍 대흘리,5.0,"제주에서 활동하는 작가님들 작품도 구매할 수 있었고 무엇보다 제주스런 패브릭이 눈길이 가더라고요동백,수국 패턴의 옷들 소품들이 예뻐요 !제주선물로 주기 좋을 거같아요",smartstore.naver.com/dailystitch
114,파란공장,제주특별자치도 제주시 수덕9길 35 4층 ,33.4859135985366,126.47427936488,노형동,1.0,,veryjeju.com
115,숨비아일랜드,제주특별자치도 서귀포시 이중섭로 29-1  ,33.2454069958384,126.564377334811,서귀동,5.0,숨비 너무너무너무너무너무너무너무너무너무너무너무너무 귀여워요 제주도 또 가게 되면 숨비 굿즈 또 살거에요. 이제 제 최애 캐릭터는 숨비에요. 할인 중이여서 저렴한 가격에 숨비 사와서 너무 조아요. 사장님도 친절해용,www.sumbiisland.com
116,한국기념품백화점,제주특별자치도 제주시 원노형로 13  ,33.48746545315,126.484763713528,노형동,,,
117,러블리제주,제주특별자치도 제주시 애월읍 애월해안로 686 1층 ,33.4819460818341,126.375220750659,애월읍 구엄리,5.0,이름그대로 러블리제주예요~  한라봉컵 말고도 작은돈으로 선물할것들이 않아요. 주방에서 커피먹을때마다 제생각이 난다는 친구말에 뿌듯합니다. 한번 먹고없어지는 것보다 여운이 남는게 좋습니다~^^,www.instagram.com/lovely_jejushop
118,돌코롬소품샵,제주특별자치도 제주시 구좌읍 해맞이해안로 486 1층 ,33.5547235169193,126.798870946339,구좌읍 월정리,,,www.instagram.com/dolkorom_shop
119,함덕리486,제주특별자치도 제주시 조천읍 조함해안로 486 1층 ,33.5428154752489,126.664696139037,조천읍 함덕리,4.0,흔한 소춤샵이나 바가지 없음,
120,홍가제주,제주특별자치도 제주시 항골남길 36 다온채 1층 101호 ,33.4976520283478,126.458842646572,이호일동,5.0,가격도 괜찮고 수제로 만든 느낌이 나서 좋았어요,instagram.com/hongga_art?igshid=YmMyMTA2M2Y=
121,금능생각,제주특별자치도 제주시 한림읍 금능길 89 1층 ,33.3892401354778,126.232454796632,한림읍 금능리,4.0,,
122,무지개소품샵,제주특별자치도 제주시 서해안로 236  ,33.508596178782,126.471297276198,도두일동,,,
123,올레파머스 성산점,제주특별자치도 서귀포시 성산읍 서성일로 1244-9  ,33.4459549997866,126.910834300719,성산읍 고성리,5.0,가게도 넓고 물건도 다양하게 있어서 좋았습니다!,blog.naver.com/ollefarmers
124,하루버스,제주특별자치도 제주시 조천읍 교래3길 1  ,33.4367815443164,126.677262106401,조천읍 교래리,1.0,오늘(8/21)갔는데 닫겨있었어요,
125,이쁜선물가게,제주특별자치도 서귀포시 성산읍 일출로 284-13  ,33.4626833042386,126.936103307869,성산읍 성산리,5.0,"이쁜선물가게랑 일출나라랑 같은 곳이죠...?후기가 왜 이러지..? 일단 별점 5점 드립니다성산일출봉 앞이라 비쌀거 감안하고 들어간건데(일행이 들어가자고 함, 성산일출봉 몇번 왔는데도 안 들어갔었음) 생각보다 종류도 많고 일단 다른 기념품샵에 비해 가격이 저렴해요 저 파노라마마그넷 다른데서 6,000원 5,000원 주고 샀는데 여기서는 3,000원귤 들고 있는 키링인형 6,000원 저거 말고도 대부분 저렴(쿠키나 간식거리도 마트보다 쌈) 기념품, 선물용 쿠키나 간식거리, 술 종류, 컵이나 술잔 등등 종류도 많고 꽤 괜! 강추합니다(특색있는 소품들이나 시그니쳐 캐릭터 이런거 사고 싶으면 골목골목 작고 귀여운 소품샵 가기)",
126,제주애퐁당 쇠소깍점,제주특별자치도 서귀포시 쇠소깍로 100  ,33.2545042235223,126.622382354798,하효동,,,
127,고팡굿즈스토어 제주연동점,제주특별자치도 제주시 노연로 118-1 미도스카이빌 1층 ,33.485585258314,126.492913483309,연동,5.0,귀염뽀작 아기자기한 물건 많아서 구경하느라 정신 없네요 제주 상징하는 기념품으로 구매했는데 가격도 괜찮고 공항에서 가까워요,
128,촐람생이,제주특별자치도 제주시 일주서로 7310 1층 ,33.4924490027184,126.428156968017,외도일동,,,www.instagram.com/chore_lam_seang_i
129,함덕별장,제주특별자치도 제주시 조천읍 조함해안로 519-10  ,33.5437022656737,126.668709879591,조천읍 함덕리,4.0,함덕 전명 1위 카페 이긴 한데 가게 바닥 모레 좀 어떻게 해야될듯 입구에 모레 뻐짐 발판 필수로 설치요망,
130,아워아일랜드아워제주,제주특별자치도 제주시 한림읍 협재1길 39 1층 ,33.3984576818853,126.243980579434,한림읍 협재리,,,
131,제주이야기,제주특별자치도 제주시 오광로10길 19-5  ,33.4846350288922,126.458878098841,노형동,,,
132,양반집,제주특별자치도 서귀포시 표선면 서성일로 109  ,33.3998105706871,126.806131319436,표선면 성읍리,,,
133,레인보우제주 매일올레시장2호점,제주특별자치도 서귀포시 중앙로48번길 19  ,33.2493603464473,126.56357169776,서귀동,,,blog.naver.com/kdespairlee
134,고팡굿즈스토어 제주동문시장점,제주특별자치도 제주시 관덕로15길 15  ,33.5146318767033,126.526557666517,일도일동,5.0,센스있고 감각적인 물건들이 많아서 다 사고 싶었어요 스마트톡은 구매했는데 넘넘 예뻐요 파우치나 에코백도 갖고 다니기 편할듯요,
135,마루쌀롱,제주특별자치도 제주시 애월읍 하귀로 60 1층 ,33.4805351620261,126.403524151469,애월읍 하귀2리,5.0,친절한 사장님! 귀엽고 예쁜 소품이 많아요 ㅎㅎ,instagram.com/maru_ssalon
136,월정스티치,제주특별자치도 제주시 구좌읍 해맞이해안로 480 1층 ,33.5547881167013,126.797957635152,구좌읍 월정리,5.0,매장 바로 앞에 주차장 있어요. 주차 걱정 안하셔도 되요. 월정리해수욕장 바로 앞에 있어요. 매장 넓고 깨끗해요^^* 아기자기한 소품이 무척 많아서 볼거리 살거리 너무 좋아요. 소품이 많아서 하나하나 구경하는데 너무 재미있고 시간가는지 모르겠어요 ㅎㅎ 직원분 엄청 친절하세요!! 머플러랑 파우치 샀어요. 너무 마음에 들어요. 짱짱^^,smartstore.naver.com/dailystitch
137,기프트샵감사랑,제주특별자치도 서귀포시 중문관광로 222 제주부영호텔 1층 ,33.2425505935188,126.423205110712,중문동,,,
138,제주무지개상회,제주특별자치도 제주시 한경면 신창1길 2 2호 ,33.3477225229149,126.182302419558,한경면 신창리,5.0,,instagram.com/jejurainbow_ssalon
139,오르방,제주특별자치도 제주시 신광로8길 14 101호 ,33.4870970448797,126.488524753214,연동,,,www.jejumoiso.shop
140,써니데이즈,제주특별자치도 서귀포시 안덕면 창천중앙로24번길 19 1층 ,33.264966080224,126.370831439088,안덕면 창천리,5.0,세련되고 귀엽고 예쁜 수제 기념품 공방겸 shop제주의 해녀와 감귤 그리고 동백꽃을 디즈니 만화처럼 재미있게 캐릭터화한 상품들^_^,instagram.com/sunnydays_jeju?igshid=OGQ5ZDc2ODk2ZA==
141,아뮤샵,제주특별자치도 제주시 애월읍 어림비로 478  ,33.3966980434599,126.344975902836,애월읍 어음리,,,
142,착한제주의선물,제주특별자치도 제주시 서부두2길 20 호텔리젠트마린 1층 ,33.5174936925584,126.526672748402,건입동,,,
143,제주허브동산 허브샵,제주특별자치도 서귀포시 표선면 돈오름로 170  ,33.3291241627515,126.814726131985,표선면 표선리,,,
144,성아시,제주특별자치도 서귀포시 표선면 중산간동로 4678  ,33.3892103099621,126.795822737374,표선면 성읍리,,,
145,제주국제공항 기념품초콜릿,제주특별자치도 제주시 공항로 2 2층 ,33.5059364682672,126.495951277797,용담이동,,,
146,시심나기념품샵,제주특별자치도 서귀포시 성산읍 섭지코지로 107  ,33.4260423785235,126.926442688389,성산읍 고성리,,,
147,제주규리,제주특별자치도 제주시 우도면 우도해안길 774  ,33.5166659671103,126.958091157138,우도면 연평리,5.0,흔한 공장 양산형 굿즈가 아닌 사장님의 취향과 감성이 보이는 굿즈샵,
148,아일렛,제주특별자치도 제주시 동문로4길 9 동문공설시장 지하1층 C-3호 ,33.5120874337174,126.528242265925,일도일동,5.0,"청년몰에 여행 선물부터 인테리어 소품까지 모두 판매하는 곳! 사장님의 취향과 제 취향이 맞아서 보는 구경하는 재미도 있고, 구매한 상품은 완전 만족합니다!",
149,정방폭포기념품점,제주특별자치도 서귀포시 칠십리로214번길 35  ,33.2447354578784,126.573166183922,동홍동,,,
150,달콤다락,제주특별자치도 제주시 동문로4길 17 1층 ,33.512029572082,126.527348820729,일도일동,,,
151,제주해녀박물관,제주특별자치도 제주시 문연로 6  ,33.4882207234688,126.497722598412,연동,,,
152,로하스,제주특별자치도 서귀포시 하신상로 229 1층 ,33.2766806592705,126.605632781233,상효동,,,
153,오름보러가게,제주특별자치도 제주시 조천읍 선교로 569-36 제주세계자연유산센터 내 ,33.4569198735739,126.714752055141,조천읍 선흘리,5.0,,
154,교집합,제주특별자치도 서귀포시 태평로371번길 32  ,33.2457646020346,126.563919739208,서귀동,5.0,"친구 두분에서 제대로 의기투합한 느낌이 좋았어요! 입구부터 신경 많이 쓰신 것 같아서 좋았어요.페브릭으로 뺀 포스터가 취향이여서 좋았는데,상품이 아직 그렇게 많진 않은 것 같아요. 저는 그림그리는 사장님 두분의 하찮고 귀여운 뱃지가 많을 거라고 생각했거든요. 뱃지 종류 늘려주시면 좋을 것 같아요 ㅎㅎㅎㅎ",
155,낯섬,제주특별자치도 제주시 조천읍 신촌7길 20 1층 ,33.5360146432369,126.621838072161,조천읍 신촌리,,,www.instagram.com/jeju_notsome
156,제주소나이 쇠소깍점,제주특별자치도 서귀포시 쇠소깍로 151-8  ,33.2505628559007,126.621176308587,하효동,,,
157,당근말밥팩토리,제주특별자치도 제주시 도남로5길 6  ,33.4970143919797,126.527022692134,도남동,5.0,"너무 맛있어요ㅋㅋㅋㅋㅋㅋ잔뜩 사서 집에 쟁여두고 싶네요🥹 안에는 새콤하고 입 심심할 때 먹기 딱 조아여ㅜㅜ 맛도 한라봉,청귤이여서 제주 놀러가시는 분들은 선물용으로도 사시면 좋을거 같네요👍🏻👍🏻",
158,우리집,제주특별자치도 서귀포시 표선면 성읍정의현로 80  ,33.3898851587608,126.801258376272,표선면 성읍리,,,
159,동아선물의집,제주특별자치도 제주시 독짓골2길 14  ,33.490992822855,126.529649762685,도남동,,,
160,모리아상점,제주특별자치도 제주시 조천읍 함덕로 32 1층 ,33.5419912364386,126.671897669186,조천읍 함덕리,,,
161,동물마을 소품샵 서우숲,제주특별자치도 제주시 조천읍 함덕7길 11 1층 ,33.5446391759249,126.660742735805,조천읍 함덕리,,,instagram.com/seou_forest
162,제주비비감귤,제주특별자치도 서귀포시 효돈로 94 1층 101호 ,33.2631442338542,126.609003606366,신효동,5.0,귀여운 동백꽃 반지는 동백꽃 보러갈때 끼려고 구매했어요ㅎㅎ그리고 우도땅콩찰떡파이가 진짜 맛있어요!!!,smartstore.naver.com/bbgyul
163,굿바이제주,제주특별자치도 제주시 어영길 30  ,33.517778680072,126.496022965538,용담삼동,,,
164,바룩하쉠,제주특별자치도 제주시 조천읍 교래3길 29  ,33.4351440406808,126.679032829337,조천읍 교래리,3.0,영업종료,
165,대한불교조계종 한산사,제주특별자치도 제주시 한림읍 한성길 15  ,33.4135133200985,126.263136853522,한림읍 한림리,,,
166,디자인에이비금능,제주특별자치도 제주시 한림읍 한림로 214 1층 1호 ,33.3862959102099,126.230533271655,한림읍 금능리,,,
167,애월아안녕,제주특별자치도 제주시 애월읍 애월해안로 869  ,33.4875774780615,126.390538091374,애월읍 하귀2리,5.0,아무 생각 없이 들어갔던 기념품 샵인데 안갔으면 아쉬웠을뻔 했어요!! 기념품 종류도 많고 다 귀엽고 가격도 정말 괜찮아서 친구들이랑 신나게 쇼핑했어요ㅋㅋ 사장님도 너무 좋으시고 구경할곳 추천도 해주셔서 덕분에 너무 만족스러운 하루였습니다!!🍊😆,
168,어썸제주,제주특별자치도 제주시 서흘2길 26  ,33.5287839664881,126.590971300454,삼양일동,,,www.instagram.com/asome426
169,한라산굿즈샵,제주특별자치도 제주시 한림읍 한림로 555  ,33.4077786720858,126.256140108856,한림읍 옹포리,,,
170,한담소품차롱,제주특별자치도 제주시 애월읍 애월로 10  ,33.4597913794084,126.311475290592,애월읍 애월리,,,
171,루비선,제주특별자치도 서귀포시 남원읍 남원체육관로 231 1층 ,33.2796627527642,126.710204012138,남원읍 남원리,5.0,새로 오픈한 매장이여서 지나가다 들러봤는데요. 아기자기하고 제주를 테마로한 귀여운 상품들이 많았습니다. 사장님께서 직접 만드신 정성이 보일정도였고 상품의 퀄리티가 매우 좋았습니다! 저는 그중에서 미니 손거울을 가족들에게 선물할 용도로 구매했는데 제가 찾던 사이즈라 만족했고 무엇보다 상품 자체도 튼튼하지만 사장님께서 직접 그리신 제주 캐릭터들이 너무 귀여워 선물받은 가족들도 매우 좋아했습니다!🥰,instagram.com/rubisun_jeju
172,펠롱도채비,제주특별자치도 서귀포시 남원읍 태위로 945 1층 ,33.2868473832012,126.746015241327,남원읍 태흥리,5.0,친절하고 예쁜엽서가 있어요 :),www.pellongdochaebi.com
173,트로피칼제주,제주특별자치도 제주시 애월읍 고내3길 5  ,33.4632481956141,126.334951916716,애월읍 고내리,,,smartstore.naver.com/tropicaljeju
174,킴언니,제주특별자치도 제주시 애월읍 애월로1길 7  ,33.4623576546616,126.311703589823,애월읍 애월리,5.0,종류 짱 많음,
175,수상한 토끼,제주특별자치도 서귀포시 하원로19번길 14-1 1층 ,33.2566414518094,126.46047408726,하원동,5.0,수제노트 이쁘네요~  사장님도 왕친절 최고최고!,www.instagram.com/susangto
176,감성점빵,제주특별자치도 서귀포시 대정읍 형제해안로 322-1 1층 ,33.2068310180825,126.289619463992,대정읍 상모리,3.0,사은품 말 안 하면 안주세요일부러 금액 맞출 필요가....사은품 양도 그다지..,blog.naver.com/js1463js
177,브릭캠퍼스 굿즈샵,제주특별자치도 제주시 1100로 3047  ,33.4585472117434,126.485290439065,노형동,,,www.brickcampus.com
178,유신종합마트,제주특별자치도 제주시 동문로2길 9  ,33.51225817886,126.526819651396,일도일동,,,
179,제주꾸미기,제주특별자치도 제주시 성신로2길 25  ,33.4924690544702,126.487839682432,연동,,,
180,일출나라,제주특별자치도 서귀포시 성산읍 일출로 284-13  ,33.4626833042386,126.936103307869,성산읍 성산리,5.0,"(후기 같은내용 복붙함)이쁜선물가게랑 일출나라랑 같은 곳이죠...? 후기가 왜 이러지..? 일단 별점 5점 드립니다성산일출봉 앞이라 비쌀거 감안하고 들어간건데(일행이 들어가자고 함, 성산일출봉 몇번 왔는데도 안 들어갔었음) 생각보다 종류도 많고 일단 다른 기념품샵에 비해 가격이 저렴해요 저 파노라마마그넷 다른데서 6,000원 5,000원 주고 샀는데 여기서는 3,000원귤 들고 있는 키링인형 6,000원 저거 말고도 대부분 저렴(쿠키나 간식거리도 마트보다 쌈) 기념품, 선물용 쿠키나 간식거리, 술 종류, 컵이나 술잔 등등 종류도 많고 꽤 괜! 강추합니다(특색있는 소품들이나 시그니쳐 캐릭터 이런거 사고 싶으면 골목골목 작고 귀여운 소품샵 가기)",
181,옥성공예토산품직매장,제주특별자치도 제주시 성화로 33-2  ,33.513033858592,126.505387792344,용담이동,,,
182,들령가게,제주특별자치도 서귀포시 중앙로42번길 27  ,33.2489455386337,126.564712925716,서귀동,5.0,언제나 친절하신 사장님 덕분에 제주 갈 때마다 항상 방문하는 곳입니다:),www.instagram.com/deulida.jeju
183,제주선물,제주특별자치도 제주시 관덕로 20  ,33.5129502363162,126.521397305102,삼도이동,,,
184,라봉샵,제주특별자치도 서귀포시 안덕면 산방로 382  ,33.2315375199814,126.296142564681,안덕면 사계리,5.0,캐릭터 귀엽길래 구경하고있는데 사장님이 직접 그리신 캐릭터더라구요! 사장님도 친절하시고 굿즈도 귀여워서 좋았아요,www.instagram.com/rabongshop
185,올레길쉼팡,제주특별자치도 서귀포시 남원읍 공천포로 77-1  ,33.2656674240515,126.641483558305,남원읍 신례리,5.0,보말 칼국수.,
186,알짜배기 선물고팡,제주특별자치도 서귀포시 중정로73번길 17  ,33.2496674262681,126.563721474847,서귀동,,,
187,오두제,제주특별자치도 제주시 한림읍 월림로 23-2  ,33.3506361467869,126.258990233603,한림읍 월림리,,,
188,피앤엘,제주특별자치도 서귀포시 일주서로 1153  ,33.2642089421778,126.38981678124,상예동,,,
189,청춘플프마켓,제주특별자치도 제주시 대동길 17-1  ,33.49323330835,126.463542293077,이호이동,,,www.instagram.com/jeju.youthmarket
190,블루(태평),제주특별자치도 서귀포시 중문관광로 93  ,33.2544458442202,126.414495944764,색달동,,,
191,익간보,제주특별자치도 제주시 과원로 74  ,33.4765717818313,126.491268615698,연동,,,
192,제주애퐁당 롯데마트제주점,제주특별자치도 제주시 연북로 1 2층 ,33.4824421892687,126.481834000763,노형동,,,
193,성읍민속마을비바리특산품,제주특별자치도 서귀포시 표선면 성읍정의현로22번길 7  ,33.3845153520283,126.801743048961,표선면 성읍리,,,
194,질렌디아,제주특별자치도 제주시 서해안로 45  ,33.5010690216905,126.45535894939,이호일동,,,
195,감성제주,제주특별자치도 제주시 동문로4길 12  ,33.5124641407833,126.527845863364,일도일동,,,dmgsjj.modoo.at
196,제이엘컴퍼니,제주특별자치도 서귀포시 김정문화로 6  ,33.2515479103078,126.505544137268,강정동,,,
197,탱귤탱꿀 jeju,제주특별자치도 제주시 조천읍 동백로 122  ,33.5083633589431,126.720021102518,조천읍 선흘리,,,
198,제주기념품연구소,제주특별자치도 제주시 애월읍 고성리 144-2 ,33.4363010356807,126.427359856808,애월읍 고성리,4.0,,
199,티티플라이,제주특별자치도 제주시 애월읍 천덕로 451  ,33.4197106276234,126.340707603465,애월읍 어음리,,,
200,손끝에서,제주특별자치도 제주시 구좌읍 구좌로 33-11 1층 ,33.5239970053968,126.854847202797,구좌읍 세화리,4.0,"제주 풍경으로 된 엽서, 포스터들이 아주 많았어요!!제주 풍경 제품에 관심 있으신 분들이 가면 좋을 것 같아용",fingertips.site
201,아일랜드라운지,제주특별자치도 제주시 구좌읍 해맞이해안로 1032  ,33.5400102578419,126.830871452039,구좌읍 한동리,,,
202,아트마씸,제주특별자치도 서귀포시 안덕면 사계남로216번길 24-27  ,33.2339195043434,126.31342124254,안덕면 사계리,,,
203,로얄토산품,제주특별자치도 제주시 신대로12길 41  ,33.4886481651849,126.492169112115,연동,,,
204,제주별이상회,제주특별자치도 제주시 제원길 38 1층 ,33.4866074110575,126.489185594738,연동,5.0,가게가 이쁘고 깔끔해서 물건들이 눈에 잘들어와요!살 것도 많고 사장님 완전 친절하심!!,
205,비바리,제주특별자치도 서귀포시 표선면 성읍민속로 63  ,33.382545984225,126.799410446733,표선면 성읍리,,,
206,아트스토리,제주특별자치도 제주시 조천읍 선교로 115-1  ,33.486767713695,126.706893624954,조천읍 선흘리,,,
207,다원코리아,제주특별자치도 제주시 도리로 40  ,33.496970728209,126.457344745438,이호일동,,,
208,제주스토어,제주특별자치도 제주시 노연로 87  ,33.486048276059,126.489456041918,연동,,,
209,제주이야기 비자림점,제주특별자치도 제주시 구좌읍 다랑쉬북로 37  ,33.4931674241249,126.810968072043,구좌읍 평대리,5.0,비자림점은 없어졌어요  본점에 문의해서 진행하세요.,www.jeju-love.com
210,유니월드,제주특별자치도 제주시 원노형남1길 11  ,33.4842475132455,126.481741909052,노형동,,,
211,귤하르방,제주특별자치도 제주시 1100로 2997  ,33.4540773892802,126.486883646603,노형동,,,
212,하루코잡화점,제주특별자치도 제주시 애월읍 어도봉남길 23-6  ,33.4165230088997,126.303206570421,애월읍 봉성리,5.0,기분 좋아지는곳 또 가고싶어요,instagram.com/handmade_haruko?utm_medium=copy_link
213,안녕제주,제주특별자치도 서귀포시 대정읍 신평로 11  ,33.2671713433534,126.259204583335,대정읍 신평리,,,
214,가는길에주전부리,제주특별자치도 제주시 동문로4길 14  ,33.5123582791014,126.527676382379,일도일동,3.0,시장오면 들리는 곳,ganeungil.cityfood.co.kr
215,아일랜드메모리,제주특별자치도 제주시 중앙로11길 1 생기발랄청년몰 1층 ,33.5125647740452,126.525066832378,이도일동,,,
216,제주국제평화센터 뮤지엄숍,제주특별자치도 서귀포시 중문관광로 227-24  ,33.2443883813113,126.422022289797,중문동,,,
217,제주여행,제주특별자치도 제주시 우령안2길 23 2층 201호 ,33.4866402780607,126.428241198044,외도일동,,,
218,올랑올랑 잡화점,제주특별자치도 제주시 우도면 우도해안길 780-2 1층 ,33.5162783066339,126.957644329048,우도면 연평리,4.0,요기 땅콩 맛있오용,
219,혜민장,제주특별자치도 제주시 구좌읍 김녕항2길 14  ,33.5562535400722,126.746135885389,구좌읍 김녕리,,,
220,반쪽이공방,제주특별자치도 제주시 서광로25길 19  ,33.5009669838559,126.523214610818,삼도일동,,,
221,백만불선물의집,제주특별자치도 서귀포시 대정읍 하모상가로 44  ,33.2215958320464,126.253478912236,대정읍 하모리,,,
222,순옥이네특산품,제주특별자치도 제주시 애월읍 애월해안로 554-10  ,33.477273700911,126.3628237162,애월읍 신엄리,,,
223,특산품전용관 롯데면세점제주,제주특별자치도 제주시 도령로 83 3층 ,33.4906745183081,126.486508649461,연동,,,
224,루키앤루키,제주특별자치도 제주시 서해안로 620-4  ,33.5167113806539,126.503120079135,용담삼동,,,
225,양숙이토산품마트,제주특별자치도 서귀포시 성산읍 일출로 284-9  ,33.4627155464753,126.935860175128,성산읍 성산리,1.0,🤦🏻‍♂️,
226,곰뚱씨 재주,제주특별자치도 제주시 용원1길 15 1층 ,33.5049723384307,126.509822980696,용담이동,5.0,구경하고있는데 사장님이 방문선물이라며 휴대폰거치대를 주셨다.고마워서 립밤과 하르방비누 삼ㅋㅋ립밤은 7천원이었는데 공항에서는 9천원에 팔고있었음,smartstore.naver.com/kooma826
227,제주특별자치도돌문화공원관리사,제주특별자치도 제주시 조천읍 남조로 2023  ,33.4513645690599,126.656710998359,조천읍 교래리,,,
228,선물차롱,제주특별자치도 서귀포시 남원읍 태위로 740  ,33.2805867439276,126.724926462666,남원읍 남원리,,,
229,섬코퍼레이션,제주특별자치도 제주시 애월읍 소길남길 47  ,33.4300833519759,126.37797348197,애월읍 소길리,,,
230,소랑한담,제주특별자치도 제주시 애월읍 애월로1길 24-5  ,33.4631532227186,126.31009970392,애월읍 애월리,,,
231,투르드제주,제주특별자치도 제주시 탑동로 117  ,33.5148465994029,126.517899003054,삼도이동,,,
232,수집,제주특별자치도 서귀포시 안덕면 사계로114번길 54-12 라온제나 상가 108호 ,33.2424655183285,126.304890659607,안덕면 사계리,,,
233,곶곳상점,제주특별자치도 제주시 한경면 연명로 397  ,33.3068934119616,126.25824545689,한경면 청수리,,,www.instagram.com/jeju.gotgot
234,한라산과자점,제주특별자치도 제주시 월대1길 3  ,33.4940543432834,126.433490074018,외도이동,,,
235,한국불교조계종 절물약수암,제주특별자치도 제주시 명림로 584  ,33.4400488067904,126.625203401207,봉개동,,,
236,제이믹,제주특별자치도 서귀포시 서호중로 102  ,33.2540570916537,126.523853933071,서호동,,,
237,혼디모아,제주특별자치도 서귀포시 표선면 성읍서문로 20  ,33.3863502741809,126.799353776425,표선면 성읍리,,,
238,효도하는사람들,제주특별자치도 제주시 구좌읍 해녀박물관길 19  ,33.5226601067453,126.862506830786,구좌읍 세화리,,,
239,제주사름,제주특별자치도 서귀포시 막숙포로 70  ,33.2353478669631,126.51429961628,법환동,,,
240,하이월정,제주특별자치도 제주시 구좌읍 월정서로 169 2층 ,33.5632421674836,126.77794940157,구좌읍 월정리,,,www.instagram.com/hi_woljeong
241,바나나기념품,제주특별자치도 제주시 동문로4길 9 동문공설시장 1층 ,33.5120874337174,126.528242265925,일도일동,1.0,10000원인데 13000원 긁음.사기 안당하게 주의바람.,dmbnngnp.modoo.at
242,사름,제주특별자치도 제주시 서광로5길 4 1층 ,33.5006687674719,126.514446630647,용담일동,,,www.instagram.com/sareum_official
243,마망벌룬,제주특별자치도 제주시 원당로3길 3  ,33.5237665086544,126.589278847063,삼양일동,,,
244,조랑말을탄돈키호테,제주특별자치도 제주시 노연로 33  ,33.4862556653545,126.483672949369,노형동,,,
245,숲을걷다,제주특별자치도 제주시 중앙로 27-19  ,33.5155720592596,126.526134385915,일도일동,,,
246,켄싱턴리조트 서귀포 케니몰,제주특별자치도 서귀포시 이어도로 684 1층 ,33.2336794657051,126.489040381289,강정동,,,www.kensington.co.kr/rsw
247,오마이제주,제주특별자치도 제주시 명림로 575-107  ,33.4490025432113,126.637358132958,회천동,,,
248,성이시돌아트샵열두제자,제주특별자치도 제주시 한림읍 금악북로 353  ,33.3466485842271,126.322583040036,한림읍 금악리,5.0,,
249,치키선데이클럽,제주특별자치도 제주시 애월읍 애월항로 20  ,33.4640353576499,126.326781729642,애월읍 애월리,,,
250,데바K,제주특별자치도 제주시 한림읍 협재로 181-57  ,33.3833683995233,126.253136012455,한림읍 협재리,,,
251,달코롱코시롱,제주특별자치도 제주시 동광로 144 1층 ,33.5083211076542,126.541833838114,일도이동,,,smartstore.naver.com/dalkorong2021
252,원님모루,제주특별자치도 서귀포시 표선면 서성일로 45  ,33.3960837194174,126.801219653769,표선면 성읍리,,,
253,꺄르르스튜디오,제주특별자치도 서귀포시 안덕면 사계남로216번길 29  ,33.2338148222884,126.310356250691,안덕면 사계리,,,
254,섬물,제주특별자치도 제주시 동문로 18 1층 ,33.5128411903073,126.52869937394,일도일동,,,
255,에스메카,제주특별자치도 서귀포시 안덕면 일주서로 1611  ,33.2548469661363,126.346583683696,안덕면 감산리,,,www.sexmuseum.or.kr
256,한국해양동물연구소 제주지점,제주특별자치도 서귀포시 성산읍 서성일로 689-21  ,33.4294862344343,126.855127407133,성산읍 수산리,,,
257,프롬제주엘,제주특별자치도 서귀포시 남원읍 태위로 108 1층 ,33.2744869446259,126.658995704131,남원읍 위미리,,,
258,로컬리,제주특별자치도 제주시 원노형2길 29-2  ,33.4834542008512,126.481849386199,노형동,,,
259,지산스토리하우스 Storyhouse,제주특별자치도 서귀포시 안덕면 사계남로216번길 24-68  ,33.2352331210645,126.3128589797,안덕면 사계리,,,
260,OURISLANDOURJEJU,제주특별자치도 제주시 한림읍 협재1길 39  ,33.3984576818853,126.243980579434,한림읍 협재리,,,
261,괸당네집,제주특별자치도 서귀포시 표선면 성읍정의현로34번길 26  ,33.3869946402036,126.802318656215,표선면 성읍리,,,
262,로컬스루,제주특별자치도 제주시 공항로 2 3층 ,33.5059364682672,126.495951277797,용담이동,,,www.localthru.com
263,꿈이루,제주특별자치도 제주시 구남동5길 20  ,33.490135234459,126.540538433559,이도이동,,,
264,몽상,제주특별자치도 서귀포시 남원읍 태위로 238-1  ,33.2745973716526,126.672775917675,남원읍 위미리,,,www.instagram.com/mongsang_jeju
265,제주예석,제주특별자치도 제주시 애월읍 금성1길 16  ,33.4459411375246,126.300506151233,애월읍 금성리,,,
266,까르페디엠,제주특별자치도 서귀포시 산록남로 2847-37  ,33.3072167562115,126.586008524564,상효동,,,
267,이공방(egongbang),제주특별자치도 제주시 국기중길 22-2  ,33.4790484621049,126.491532902914,연동,,,
268,들렁제주,제주특별자치도 서귀포시 남원읍 태신로 14-4  ,33.2879030982037,126.745087534352,남원읍 태흥리,,,
269,미뉴얼,제주특별자치도 제주시 칠성로길 38  ,33.5142719858799,126.526917936153,일도일동,5.0,동문시장 소품샵중 제일 이뻐요!! 살만한 물건도 많아서 좋았어요!,
270,섬이야기올레,제주특별자치도 서귀포시 중앙로54번길 35  ,33.2499021543398,126.563243003857,서귀동,,,
271,(주)큐브스토리,제주특별자치도 제주시 서광로 174  ,33.4997144726038,126.514871117614,오라일동,,,
272,포레스트 볼랑,제주특별자치도 서귀포시 막동산로 15 1층 ,33.2564744000926,126.524195498791,호근동,,,
273,선물사계,제주특별자치도 서귀포시 표선면 민속해안로 631-34  ,33.3212871409308,126.843088213207,표선면 표선리,,,
274,라온캐릭터샵,제주특별자치도 제주시 한림읍 월림7길 155  ,33.355543077302,126.241505122029,한림읍 월림리,,,
275,도원유통,제주특별자치도 서귀포시 이어도로 189  ,33.2396306139607,126.441744996407,대포동,,,
276,민트블라썸,제주특별자치도 제주시 구좌읍 해맞이해안로 400  ,33.5595710331996,126.792698762503,구좌읍 월정리,,,
277,퐁낭,제주특별자치도 제주시 명림로 430  ,33.4498255893617,126.617747685632,봉개동,,,
278,탐라소호샵,제주특별자치도 제주시 구좌읍 월정1길 17  ,33.5534731398405,126.79015166952,구좌읍 월정리,,,
279,날마다디자인,제주특별자치도 제주시 절물1길 31 1층 ,33.4900957380631,126.431697805829,외도일동,,,smartstore.naver.com/naldi
280,더로드,제주특별자치도 제주시 중앙로14길 21  ,33.5110697247099,126.522361679677,삼도이동,,,
281,한국관광용품센타 제주지사,제주특별자치도 제주시 해안마을길 29  ,33.4606397860921,126.453843298673,해안동,,,
282,이정희의손땀한땀,제주특별자치도 서귀포시 중산간동로 8351  ,33.2610743193354,126.524572265066,호근동,,,
283,조용한작업실,제주특별자치도 서귀포시 남원읍 태위로170번길 6  ,33.2749076875475,126.664946862605,남원읍 위미리,,,
284,공항점빵,제주특별자치도 제주시 다호5길 17  ,33.5014959705183,126.488911980715,도두이동,,,
285,소소플레이스,제주특별자치도 제주시 애월읍 일주서로 6691  ,33.4715180656857,126.366888318009,애월읍 신엄리,,,
286,오라,제주특별자치도 서귀포시 표선면 가시리 769 ,33.3660049185477,126.781192384716,표선면 가시리,,,
287,피와이 (PY),제주특별자치도 제주시 중앙로 217  ,33.5003068856361,126.529999616962,이도이동,,,
288,방앗돌,제주특별자치도 서귀포시 표선면 성읍서문로 32  ,33.3861614177819,126.798372526464,표선면 성읍리,,,
289,토순이풍선가게,제주특별자치도 서귀포시 대정읍 에듀시티로239번길 8  ,33.2790420956457,126.274323680979,대정읍 보성리,,,www.instagram.com/tosooni_balloonshop
290,에스피유통,제주특별자치도 서귀포시 성산읍 성산등용로 130-21  ,33.4729279933634,126.934506143367,성산읍 성산리,,,
291,우앤컴퍼니,제주특별자치도 제주시 한림읍 한창로 897  ,33.3345115406965,126.325692204213,한림읍 금악리,,,
292,꿈,제주특별자치도 서귀포시 안덕면 병악로 269  ,33.3004429637305,126.370810904853,안덕면 상창리,,,
293,용두암기념품,제주특별자치도 제주시 동문로2길 3  ,33.5125803410159,126.527062004021,일도일동,1.0,"기념품 사려고온건데 샘플 디스플레이된것은아주 다양한데 담아주시겠다해서 돌아와 확인해 짝맞춰 봤더니 그냥 초콜릿맛이 남아돌고 대다수...이럴거면 왜 기념품 사러가나요 선물..? 초콜릿 사먹지 왜 백년초,귤,녹차가 특산이고 기념인가요동문시장 이런곳..?",
294,오션스 C&G,제주특별자치도 서귀포시 중앙로 14  ,33.2459572185083,126.562336279883,서귀동,,,
295,불란지,제주특별자치도 서귀포시 서홍로 109-1  ,33.2577679068405,126.552172296338,서홍동,,,
296,국립제주박물관상조회,제주특별자치도 제주시 일주동로 17  ,33.5137967055663,126.547909557026,건입동,,,
297,라울,제주특별자치도 제주시 구좌읍 일주동로 3698  ,33.494726032763,126.893029564218,구좌읍 종달리,,,
298,제주특산품개발원,제주특별자치도 제주시 애월읍 고성3길 10  ,33.4590447670293,126.414433099584,애월읍 고성리,,,
299,선물나라,제주특별자치도 제주시 연동 680-27 ,33.4518291746006,126.488172492898,연동,,,
300,덕산,제주특별자치도 제주시 공항로 2 2층 ,33.5059364682672,126.495951277797,용담이동,,,
301,섬이야기,제주특별자치도 제주시 신산마을길 92  ,33.4878066294027,126.451553013646,도평동,,,
302,동성상회 2호점,제주특별자치도 제주시 동문로 16  ,33.5127966491588,126.5283196783,일도일동,,,
303,부혜사전통학교,제주특별자치도 제주시 고래소길 10  ,33.4768728143544,126.450586185386,도평동,,,
304,manon,제주특별자치도 제주시 애월읍 애월해안로 881  ,33.4869309032464,126.391243836166,애월읍 하귀2리,,,
305,하늘길,제주특별자치도 제주시 월성로4길 16-7  ,33.5019249340961,126.502914123207,용담이동,,,
306,답례품도매반신욕,제주특별자치도 제주시 삼성로5길 40-1  ,33.5095582538903,126.527877467054,일도이동,,,
307,미노코리아,제주특별자치도 제주시 조천읍 함덕서4길 60-9  ,33.5391177704115,126.667436260555,조천읍 함덕리,,,
308,이화원,제주특별자치도 서귀포시 성산읍 서성일로 321  ,33.410193831717,126.825426655738,성산읍 난산리,,,
309,제주와,제주특별자치도 서귀포시 서호중앙로 55  ,33.2525493248565,126.518614403836,서호동,,,
310,고래가품은바다,제주특별자치도 서귀포시 대정읍 최남단해안로125번길 5  ,33.2118529304535,126.257085740464,대정읍 하모리,,,
311,제주를담아가다,제주특별자치도 제주시 수덕5길 85-2  ,33.4818595536673,126.47109201139,노형동,,,
312,관대선원불교대학,제주특별자치도 제주시 도령로 128  ,33.4926887546046,126.491117997998,연동,,,
313,올레시장특산품판매점 2호점,제주특별자치도 서귀포시 중앙로54번길 35  ,33.2499021543398,126.563243003857,서귀동,,,
314,메트로쉬는팡,제주특별자치도 제주시 억삼길 10  ,33.4933017146348,126.467781024557,이호이동,,,
315,나의사월,제주특별자치도 제주시 중앙로 57  ,33.5133211596919,126.525077660488,일도일동,,,
316,벌룬벌룬,제주특별자치도 제주시 애월읍 일주서로 7225  ,33.489673094412,126.419795309787,애월읍 하귀1리,,,
317,오름조랑,제주특별자치도 제주시 오광로 100  ,33.4872206295857,126.459398937385,이호이동,,,
318,보헤미안 제주,제주특별자치도 서귀포시 이어도로 297 1층 ,33.2434191224578,126.450934145069,하원동,,,
319,태진특산,제주특별자치도 서귀포시 성산읍 일출로 284-12  ,33.462233758483,126.936800689963,성산읍 성산리,,,
320,고팡굿즈스토어 제주애월점,제주특별자치도 제주시 애월읍 곽지3길 26 비동 1층 ,33.4493487224103,126.305115633037,애월읍 곽지리,,,
321,두잉,제주특별자치도 제주시 봉개대동6길 48-7 202호 ,33.4889817209726,126.594090344187,봉개동,,,doingstory.co.kr
322,제주아트,제주특별자치도 제주시 신성마을길 24-8  ,33.4959105544409,126.489334026649,도두이동,,,
323,밭디마켓,제주특별자치도 서귀포시 표선면 번영로 2486  ,33.4079000385513,126.772216303046,표선면 성읍리,,,
324,나의 사월,제주특별자치도 서귀포시 성산읍 고성중앙로 79  ,33.449445734535,126.911162532937,성산읍 고성리,,,
325,라이브인싸마켓,제주특별자치도 제주시 애월읍 상가중길 23  ,33.4496894892855,126.345368753027,애월읍 상가리,,,
326,한라기념사,제주특별자치도 서귀포시 칠십리로214번길 36  ,33.2449857746353,126.573199411133,동홍동,,,
327,파티올나잇,제주특별자치도 제주시 진동로 1  ,33.5192116935819,126.568624831235,화북일동,,,
328,그리고,제주특별자치도 서귀포시 대정읍 가파로67번길 91  ,33.173148088451,126.269400124337,대정읍 가파리,,,
329,아름공간,제주특별자치도 서귀포시 성산읍 일출로 284-12  ,33.462233758483,126.936800689963,성산읍 성산리,,,
330,캐럿202,제주특별자치도 서귀포시 안덕면 소기왓로 24  ,33.2369851680301,126.368912293999,안덕면 창천리,,,
331,(주)태성토산 제주남동지점,제주특별자치도 제주시 청사로 13  ,33.4900975488521,126.520337598909,도남동,,,
332,제주파티앤벌륜,제주특별자치도 제주시 신성로 57-1  ,33.4958505510519,126.525661298605,도남동,,,
333,정우유통,제주특별자치도 제주시 아봉로 761  ,33.4915776062683,126.591513467026,봉개동,,,
334,도반,제주특별자치도 제주시 원두길 34  ,33.5156437488258,126.554215624043,화북일동,,,
335,제주프렌즈,제주특별자치도 제주시 노형로 72  ,33.4625719319999,126.454894925405,해안동,,,
336,제주국제토산품,제주특별자치도 제주시 임항로 191 제주항국제여객터미널 ,33.5219764039135,126.543440319692,건입동,,,
337,제주여성판촉,제주특별자치도 제주시 정존5길 25-1  ,33.4842661513496,126.472631490243,노형동,,,
338,몰고제토산품,제주특별자치도 서귀포시 표선면 성읍서문로 2  ,33.3872176157999,126.801024234902,표선면 성읍리,,,
339,고려불교,제주특별자치도 제주시 만덕로6길 29  ,33.5134927666365,126.528793355509,일도일동,,,
340,옵데강,제주특별자치도 제주시 구남로 31  ,33.4903602497708,126.533150715954,이도이동,,,
341,제주신화월드 아리랑칠보공예,제주특별자치도 서귀포시 안덕면 신화역사로304번길 38 메리어트관 G층 ,33.3049726791712,126.31635202613,안덕면 서광리,,,
342,성산일출마켓,제주특별자치도 서귀포시 성산읍 일출로 284-13  ,33.4626833042386,126.936103307869,성산읍 성산리,,,
343,헤라스토어,제주특별자치도 제주시 애월읍 평화로 2820-67  ,33.4590231164732,126.446297609636,애월읍 광령리,,,
344,제주공감,제주특별자치도 서귀포시 남원읍 남조로 541  ,33.3254862154405,126.713467238553,남원읍 수망리,,,
345,스락,제주특별자치도 서귀포시 서귀동 523-5 ,33.2459526038394,126.564000248487,서귀동,,,
346,부부네,제주특별자치도 서귀포시 표선면 성읍정의현로 94  ,33.3908691857513,126.801090077901,표선면 성읍리,,,
347,동명만물사,제주특별자치도 제주시 애월읍 예원남1길 73-12  ,33.4606472336156,126.396326354533,애월읍 수산리,,,
348,호핑그린,제주특별자치도 서귀포시 남선동산로 43  ,33.2646629443948,126.614956867518,신효동,,,
349,물레방아,제주특별자치도 제주시 조천읍 선교로 267  ,33.4796207866526,126.702684967881,조천읍 선흘리,,,
350,오성인베스트먼트,제주특별자치도 서귀포시 천지연로 39  ,33.2423233952022,126.562060284113,서귀동,,,
351,오리오리,제주특별자치도 서귀포시 법환로38번길 13  ,33.238122195463,126.513518740995,법환동,,,instagram.com/oriori_jeju
352,아날로그맑음,제주특별자치도 제주시 고마로 56  ,33.5092251698154,126.539242376811,일도이동,,,
353,석예원,제주특별자치도 제주시 구좌읍 동백로 458  ,33.4971242177843,126.75045426595,구좌읍 덕천리,,,
354,홈즈메이드,제주특별자치도 제주시 애월읍 유수암로 226-20  ,33.4236758714179,126.402151578315,애월읍 유수암리,,,
355,긋모닝관덕,제주특별자치도 제주시 조천읍 선교로 474-1  ,33.4630534715677,126.709537397906,조천읍 선흘리,,,
356,아토아리아,제주특별자치도 서귀포시 동홍로162번길 30  ,33.2633720796878,126.570135091669,동홍동,,,
357,민예품코너 롯데면세점제주,제주특별자치도 제주시 도령로 83 3층 ,33.4906745183081,126.486508649461,연동,,,
358,청지문화당,제주특별자치도 제주시 연삼로 131  ,33.4933714633457,126.506504881201,오라삼동,,,
359,동부레져토산품,제주특별자치도 서귀포시 표선면 번영로 2454  ,33.4087931689036,126.769865986572,표선면 성읍리,,,
360,프린세스,제주특별자치도 제주시 애월읍 평화로 2157  ,33.4131403942123,126.392785528715,애월읍 소길리,,,
361,비팩토리,제주특별자치도 제주시 중앙로11길 1  ,33.5125647740452,126.525066832378,이도일동,,,
362,제주하늘보기,제주특별자치도 서귀포시 지장샘로 19  ,33.2663101214623,126.559189473054,서홍동,,,
363,빅심,제주특별자치도 제주시 애월읍 세비데미길 18  ,33.4440854747985,126.414725167441,애월읍 고성리,,,
364,제주동자석,제주특별자치도 서귀포시 안덕면 중산간서로 1878  ,33.2906452180407,126.322194755069,안덕면 서광리,,,
365,대동불교사,제주특별자치도 제주시 조천읍 와선로 164-11  ,33.4812373561786,126.692049285442,조천읍 와산리,,,
366,제주구멍,제주특별자치도 서귀포시 표선면 번영로 2570  ,33.4036435881524,126.780308623456,표선면 성읍리,,,
367,민트,제주특별자치도 제주시 1100로 2894-72  ,33.4518907416732,126.488868982382,연동,,,
368,그리다,제주특별자치도 제주시 조천읍 선교로 115-1  ,33.486767713695,126.706893624954,조천읍 선흘리,,,
369,제주관광민예품판매업협동조합,제주특별자치도 제주시 국기중길 28  ,33.4788418171986,126.492170712303,연동,,,
370,정방휴게소,제주특별자치도 서귀포시 칠십리로214번길 35  ,33.2447354578784,126.573166183922,동홍동,,,
371,민속집,제주특별자치도 서귀포시 표선면 서성일로 46  ,33.3958188524165,126.802536228367,표선면 성읍리,,,
372,귤하르방토산품,제주특별자치도 서귀포시 남성중로 2-11 1층 ,33.2442132559328,126.559773509308,서홍동,,,
373,석에원,제주특별자치도 제주시 구좌읍 동백로 458  ,33.4971242177843,126.75045426595,구좌읍 덕천리,,,
374,본태샵,제주특별자치도 서귀포시 안덕면 산록남로762번길 69  ,33.303954807155,126.392568258817,안덕면 상천리,,,
375,제주비바리,제주특별자치도 서귀포시 표선면 번영로 2454  ,33.4087931689036,126.769865986572,표선면 성읍리,,,
376,제쥬카롱앤토퍼,제주특별자치도 서귀포시 중앙로42번길 27  ,33.2489455386337,126.564712925716,서귀동,,,
377,초가집,제주특별자치도 서귀포시 표선면 성읍정의현로101번길 14-9  ,33.3903063497892,126.799436906547,표선면 성읍리,,,
378,강서방,제주특별자치도 서귀포시 표선면 성읍정의현로 70  ,33.3887815627551,126.801417914407,표선면 성읍리,,,
379,머거보카마켓,제주특별자치도 제주시 한림읍 한창로 1174-20  ,33.3510238878988,126.305900331051,한림읍 금악리,,,
380,제이제이한남,제주특별자치도 제주시 연동 680-26 ,33.4517297291068,126.490317619485,연동,,,
381,그림아저씨,제주특별자치도 제주시 서문로 1  ,33.5095745214171,126.512019204507,용담일동,,,
382,국제부두토산품,제주특별자치도 제주시 임항로 191  ,33.5219764039135,126.543440319692,건입동,,,
383,한길기념품,제주특별자치도 서귀포시 안덕면 사계남로216번길 24-68  ,33.2352331210645,126.3128589797,안덕면 사계리,,,
384,만달,제주특별자치도 서귀포시 일주서로 710 1층 ,33.2562765418155,126.434236696724,중문동,5.0,사람 많다고해서 살짝 걱정했는데비수기에 비도 와서인지 전세 낸 것처럼구경하다왔습니다!귀여운 물품들도 많아서 지갑을 붙들고 있어야해요ㅋㅋㅋ,
385,시키 소품샵 제주,제주특별자치도 제주시 한림읍 한림해안로 9 2층 ,33.4059126385835,126.254890131579,한림읍 옹포리,1.0,오랜만에 재방문 역시나 비싼 가격 그냥 사진 찍고 나오긴 좋음,ceekee.kr
386,제주한잔 한화리조트 제주점,제주특별자치도 제주시 명림로 575-107 1층 104호 ,33.4490025432113,126.637358132958,회천동,3.0,음.....시설이 너무 낡았어요... 저희 방만 그런지 모르겠는데 침대 하.. 매트리스 가운데가 푹 꺼져서...거의 가운데 부분은 지지대가 없다 싶을정도로 심하게ㅠㅠ도저희 잘수가 없더라구요. 제주 여행하기에 좋은 위치는 아닌듯해요..,www.instagram.com/jeju.hanjan
387,애월삼춘,제주특별자치도 제주시 애월읍 애월로 75  ,33.4643249188485,126.315368311695,애월읍 애월리,5.0,처음으로 이렇게 신선하고 맛있는 귤 먹었습니다.쌍따봉으로 좋아합니다.수고하신 농부님들께 감사드립니다.,smartstore.naver.com/aewolsamchun
388,룩앳비,제주특별자치도 제주시 칠성로길 37 1층 ,33.5144251231412,126.52688309067,일도일동,5.0,가게가 아기자기 귀여워요~! 다음에는 화분 데려가보려고요!,www.instagram.com/look.at_b
389,바다스런,제주특별자치도 제주시 구좌읍 김녕로 93 1층 ,33.5543419882572,126.747947758792,구좌읍 김녕리,5.0,♡,www.instagram.com/bada_s_reon
390,한라산기프트몰,제주특별자치도 제주시 진동로1길 24  ,33.5192221483348,126.566789532631,화북일동,5.0,"문의 드리고 할 때마다 이것저것 꼼꼼하게 잘 알려주시고, 가겨도 다른 곳이랑 비교해서도 괜찮은 편이어서 매번 먼저 연락하게 되는 것 같네요~ 항상 번창하시고, 건승하시기 바랍니다.",jejuhongbo.com
391,Bakeshirts Store,제주특별자치도 제주시 조천읍 대흘2길 1 2층 ,33.4982809055096,126.654652382029,조천읍 대흘리,5.0,느낌이가 조아요,instagram.com/bakeshirts_store
392,귤아주망,제주특별자치도 서귀포시 대정읍 영서중로13번길 11  ,33.2220392077299,126.254675619015,대정읍 하모리,,,
393,공중전화 서귀포약천사 기념품판매점옆,제주특별자치도 서귀포시 이어도로 293-28  ,33.2452784649815,126.450181604258,대포동,5.0,생각지 않게 수월관음도 감상 할 수 있어  무척 좋았습니다.,
394,꿈팩토리,제주특별자치도 제주시 다랑곶2길 50 1층 ,33.4905987886372,126.475935258474,노형동,,,www.instagram.com/ggumaker
